WY,1,2,3,4,5,6,7,8,9,10,11,12,13,14,15,16,17,18,SedDischarge,Normalized WavePower,Storm Direction(degN),riverhead1yrback
2017,17.27744621,21.78632998,30.07782899,37.1679266,38.01606827,29.04759291,8.903017042,-7.821791166,1.454793473,1.400339965,-1.144351356,-10.61859141,-12.23818364,-8.779774531,0.08827414667,-7.623727115,-7.328317803,-5.823675415,2207.239983,1.07571494,288.0524763,-12.1
2018,1.396669336,6.638789781,4.785643187,10.25088572,20.29719472,19.26504638,12.44298084,11.73069088,16.43730167,14.73085817,14.22760824,13.44358479,18.36250346,20.29423807,13.56188085,15.67634438,15.0036637,19.35494249,4.173917631,0.7974085346,301.4968293,17.3
2019,0.1181461823,5.804633225,4.896099206,6.667649904,17.74320497,14.61741616,9.261882342,8.174578234,12.17478237,10.05096957,12.60244089,11.32055424,13.83667476,16.59522147,10.53490045,1.947919185,8.306736497,9.596058585,291.5674982,1.085589316,283.2168613,1.4
2020,-7.228526739,-4.969043728,-5.611126332,-4.140545381,5.356607416,7.55990968,4.051361442,5.759687434,9.996669523,6.450571715,10.23448464,12.69263409,21.90818361,24.82691267,17.3798079,13.78436268,16.26552435,20.66942109,1.709570527,0.8549500726,302.3659183,0.1